station_key,endpoints,station_name,borough,lat,lng,share_of_water_endpoints,hotspot_index,cum_share
west st & chambers st,247625,West St & Chambers St,Manhattan,40.717674,-74.01313,0.029297165004591123,7.998126046253376,0.029297165004591123
e 33 st & 1 ave,181674,E 33 St & 1 Ave,Manhattan,40.743378,-73.97474,0.021494328743237104,5.86795174690373,0.05079149374782822
west st & liberty st,175364,West St & Liberty St,Manhattan,40.711533,-74.01481,0.020747776047915667,5.664142861080977,0.07153926979574389
10 ave & w 14 st,148824,10 Ave & W 14 St,Manhattan,40.7418,-74.00832,0.01760775884762552,4.8069181654017665,0.0891470286433694
wythe ave & metropolitan ave,133592,Wythe Ave & Metropolitan Ave,Brooklyn,40.716976,-73.96317,0.01580562086741378,4.314934496803962,0.10495264951078317
washington st & gansevoort st,131235,Washington St & Gansevoort St,Manhattan,40.739044,-74.008,0.015526757998495773,4.238804933589346,0.12047940750927895
pier 40 - hudson river park,129231,Pier 40 - Hudson River Park,Manhattan,40.727715,-74.01122,0.015289659487968966,4.174077040215527,0.13576906699724792
vesey pl & river terrace,126607,Vesey Pl & River Terrace,Manhattan,40.7153,-74.01648,0.014979207146840054,4.089323551087334,0.15074827414408798
w 44 st & 11 ave,126360,W 44 St & 11 Ave,Manhattan,40.761803,-73.996864,0.014949983927229214,4.081345612133576,0.1656982580713172
kent ave & n 7 st,121713,Kent Ave & N 7 St,Brooklyn,40.72054,-73.96149,0.014400185135603429,3.931250542019736,0.18009844320692062
north moore st & greenwich st,117097,North Moore St & Greenwich St,Manhattan,40.720207,-74.01035,0.01385405403550775,3.782156751693616,0.19395249724242836
11 ave & w 27 st,116327,11 Ave & W 27 St,Manhattan,40.751278,-74.00547,0.013762953310405134,3.7572862537406015,0.2077154505528335
s 4 st & wythe ave,116041,S 4 St & Wythe Ave,Brooklyn,40.712948,-73.96602,0.013729115898224164,3.7480486402151967,0.22144456645105767
w 16 st & the high line,115804,W 16 St & The High Line,Manhattan,40.743347,-74.00691,0.013701075804913358,3.7403936947413468,0.23514564225597104
5 ave & e 87 st,112393,5 Ave & E 87 St,Manhattan,40.78254,-73.95978,0.013297511423971772,3.630220618744294,0.2484431536799428
e 72 st & york ave,111764,E 72 St & York Ave,Manhattan,40.766716,-73.95348,0.013223092779699635,3.6099043288580006,0.2616662464596424
1 ave & e 39 st,105066,1 Ave & E 39 St,Manhattan,40.7473,-73.97104,0.012430634783936884,3.393563296014769,0.27409688124357934
central park west & w 85 st,104700,Central Park West & W 85 St,Manhattan,40.78489,-73.96978,0.01238733236135564,3.38174173465009,0.286484213604935
w 34 st & 11 ave,104627,W 34 St & 11 Ave,Manhattan,40.75607,-74.00235,0.012378695539365393,3.3793838822467523,0.29886290914430036
riverside blvd & w 67 st,103217,Riverside Blvd & W 67 St,Manhattan,40.777927,-73.988815,0.012211874731060604,3.333841801579545,0.31107478387536097
central park w & w 91 st,99375,Central Park W & W 91 St,Manhattan,40.78865,-73.96666,0.011757317606587553,3.2097477065984017,0.3228321014819485
greenwich st & w houston st,97903,Greenwich St & W Houston St,Manhattan,40.7286,-74.00862,0.011583161415222552,3.1622030663557568,0.33441526289717105
e 20 st & fdr dr,94860,E 20 St & FDR Dr,Manhattan,40.733242,-73.97568,0.011223136082122217,3.0639161504193653,0.34563839897929327
little west st & 1 pl,94520,Little West St & 1 Pl,Manhattan,40.70572,-74.016846,0.011182909787921061,3.05293437210245,0.35682130876721435
1 ave & e 30 st,91405,1 Ave & E 30 St,Manhattan,40.741547,-73.9753,0.01081436594546048,2.952321903110711,0.36763567471267483
w 64 st & thelonious monk circle,88267,W 64 St & Thelonious Monk Circle,Manhattan,40.775017,-73.98894,0.010443100912509821,2.8509665491151814,0.37807877562518466
west thames st,86563,West Thames St,Manhattan,40.70836,-74.01719,0.010241496190984033,2.795928460138641,0.3883202718161687
riverside dr & w 72 st,82469,Riverside Dr & W 72 St,Manhattan,40.78084,-73.985565,0.009757124283750127,2.6636949294637846,0.3980773960999188
milton st & franklin st,82457,Milton St & Franklin St,Brooklyn,40.729076,-73.95783,0.009755704532190086,2.6633073372878933,0.4078331006321089
5 ave & e 93 st,75239,5 Ave & E 93 St,Manhattan,40.78581,-73.95751,0.008901723968825569,2.4301706434893804,0.4167348246009345
e 25 st & 1 ave,75145,E 25 St & 1 Ave,Manhattan,40.738102,-73.97722,0.00889060258160525,2.427134504778233,0.4256254271825397
w 15 st & 10 ave,70405,W 15 St & 10 Ave,Manhattan,40.742554,-74.00722,0.008329800715389149,2.2740355953012377,0.43395522789792884
atlantic ave & furman st,69157,Atlantic Ave & Furman St,Brooklyn,40.69171,-74.00016,0.00818214655314491,2.2337260090085604,0.44213737445107376
franklin st & dupont st,68178,Franklin St & Dupont St,Brooklyn,40.735714,-73.95867,0.008066318488371584,2.2021049473254424,0.45020369293944534
bank st & washington st,67215,Bank St & Washington St,Manhattan,40.73614,-74.00873,0.007952383425678312,2.171000675210179,0.4581560763651237
e 54 st & 1 ave,64756,E 54 St & 1 Ave,Manhattan,40.75625,-73.96414,0.00766145266849996,2.091576578500489,0.4658175290336236
vernon blvd & 50 ave,63320,Vernon Blvd & 50 Ave,Queens,40.742413,-73.9541,0.007491555731815083,2.045194714785518,0.4733090847654387
w 46 st & 11 ave,63241,W 46 St & 11 Ave,Manhattan,40.76348,-73.996765,0.007482209034044814,2.042643066294234,0.48079129379948354
e 51 st & 1 ave,62780,E 51 St & 1 Ave,Manhattan,40.754642,-73.965965,0.007427666911613249,2.027753066870417,0.48821896071109677
1 ave & e 44 st,61626,1 Ave & E 44 St,Manhattan,40.74987,-73.96916,0.007291134136589329,1.9904796192888867,0.4955100948476861
water st &  fletcher st,61071,Water St &  Fletcher St,Manhattan,40.706703,-74.005455,0.007225470626937443,1.972553481153922,0.5027355654746235
e 89 st & york ave,59549,E 89 St & York Ave,Manhattan,40.777958,-73.94603,0.007045398804072274,1.9233938735117306,0.5097809642786958
morton st & washington st,58531,Morton St & Washington St,Manhattan,40.73106,-74.00826,0.006924956546728815,1.8905131372569666,0.5167059208254247
riverside dr & w 82 st,58252,Riverside Dr & W 82 St,Manhattan,40.78727,-73.9813,0.006891947322957868,1.8815016191674978,0.5235978681483825
flushing ave & vanderbilt ave,57815,Flushing Ave & Vanderbilt Ave,Brooklyn,40.698006,-73.97071,0.006840244703646383,1.8673868040954626,0.5304381128520289
46 ave & 5 st,57224,46 Ave & 5 St,Queens,40.747223,-73.954445,0.0067703219393143756,1.8482978894328246,0.5372084347913433
w 10 st & washington st,57095,W 10 St & Washington St,Manhattan,40.73346,-74.00825,0.006755059610043938,1.844131273541995,0.5439634944013872
clinton st & cherry st,56524,Clinton St & Cherry St,Manhattan,40.711308,-73.9867,0.006687503098311998,1.8256883458391755,0.5506509974996993
greenwich st & hubert st,56340,Greenwich St & Hubert St,Manhattan,40.721092,-74.00996,0.006665733574391373,1.8197452658088449,0.5573167310740906
water st & main st,56181,Water St & Main St,Brooklyn,40.703197,-73.99022,0.006646921866220833,1.8146096694782874,0.5639636529403115
huron st & franklin st,55860,Huron St & Franklin St,Brooklyn,40.732666,-73.95832,0.006608943511989743,1.8042415787731998,0.5705725964523012
riverside dr & w 104 st,53525,Riverside Dr & W 104 St,Manhattan,40.801346,-73.971176,0.006332683520931811,1.7288226012143844,0.576905279973233
e 47 st & 1 ave,52260,E 47 St & 1 Ave,Manhattan,40.75212,-73.96797,0.0061830180439775145,1.6879639260058614,0.5830882980172105
washington st & barrow st,51685,Washington St & Barrow St,Manhattan,40.732113,-74.00874,0.006114988281725561,1.6693918009110782,0.589203286298936
parade pl & crooke ave,49148,Parade Pl & Crooke Ave,Brooklyn,40.65195,-73.96533,0.005814829139406944,1.5874483550580958,0.5950181154383429
watts st & greenwich st,49017,Watts St & Greenwich St,Manhattan,40.72416,-74.00972,0.005799330184876499,1.5832171404712843,0.6008174456232195
old slip & south st,48848,Old Slip & South St,Manhattan,40.703655,-74.00791,0.005779335350405925,1.5777585506608174,0.6065967809736255
12 ave & w 125 st,48139,12 Ave & W 125 St,Manhattan,40.818367,-73.96035,0.005695451695733517,1.55485831293525,0.612292232669359
hicks st & montague st,46693,Hicks St & Montague St,Brooklyn,40.695072,-73.99593,0.0055243716327486045,1.508153455740369,0.6178166043021076
front st & jay st,46344,Front St & Jay St,Brooklyn,40.702415,-73.98696,0.005483080524877419,1.4968809832915353,0.6232996848269851
riverside dr & w 91 st,45955,Riverside Dr & W 91 St,Manhattan,40.79325,-73.97703,0.005437056911806098,1.4843165369230646,0.6287367417387911
bus slip & state st,44331,Bus Slip & State St,Manhattan,40.701744,-74.01393,0.0052449172006805815,1.4318623957857988,0.6339816589394717
e 102 st & 1 ave,44311,E 102 St & 1 Ave,Manhattan,40.786922,-73.9416,0.005242550948080514,1.4312164088259802,0.6392242098875521
pearl st & hanover square,44274,Pearl St & Hanover Square,Manhattan,40.70473,-74.00929,0.005238173380770388,1.430021332950316,0.6444623832683225
south st & pike st,43420,South St & Pike St,Manhattan,40.709995,-73.99151,0.005137134394747487,1.402437689766064,0.64959951766307
catherine st & monroe st,43349,Catherine St & Monroe St,Manhattan,40.71111,-73.99681,0.005128734198017246,1.400144436058708,0.6547282518610873
water st & gouverneur ln,43280,Water St & Gouverneur Ln,Manhattan,40.704952,-74.007904,0.005120570626547012,1.3979157810473342,0.6598488224876343
1 ave & e 110 st,43147,1 Ave & E 110 St,Manhattan,40.79238,-73.93816,0.00510483504675656,1.393619967764541,0.6649536575343908
ave d & e 8 st,42906,Ave D & E 8 St,Manhattan,40.723682,-73.97578,0.005076321702925741,1.3858358248987273,0.6700299792373166
center blvd & 51 ave,42160,Center Blvd & 51 Ave,Queens,40.743317,-73.95957,0.004988060480943207,1.3617405112974956,0.6750180397182598
broad st & bridge st,41017,Broad St & Bridge St,Manhattan,40.70371,-74.01148,0.004852829144849325,1.3248223565438657,0.6798708688631091
roosevelt island tramway,40395,Roosevelt Island Tramway,Manhattan,40.757225,-73.953545,0.004779238688987212,1.3047321620935088,0.6846501075520963
e 82 st & east end ave,40122,E 82 St & East End Ave,Manhattan,40.772495,-73.946915,0.0047469393409962845,1.2959144400919858,0.6893970468930926
brooklyn bridge park - pier 2,39519,Brooklyn Bridge Park - Pier 2,Brooklyn,40.698574,-73.99714,0.004675596825104236,1.2764379332534566,0.6940726437181968
1 ave & e 94 st,39449,1 Ave & E 94 St,Manhattan,40.78174,-73.94591,0.004667314941003998,1.2741769788940915,0.6987399586592008
pleasant ave & e 116 st,39374,Pleasant Ave & E 116 St,Manhattan,40.794914,-73.93337,0.004658441493753744,1.271754527794772,0.7033984001529545
washington st & laight st,39206,Washington St & Laight St,Manhattan,40.722374,-74.010475,0.004638564971913174,1.2663282373322964,0.7080369651248677
avenue c & e 18 st,39099,Avenue C & E 18 St,Manhattan,40.730455,-73.97407,0.00462590552050281,1.262872207097267,0.7126628706453705
old fulton st,38519,Old Fulton St,Brooklyn,40.702731,-73.99378,0.00455728419510084,1.2441385852625293,0.7172201548404713
cherry st,38215,Cherry St,Manhattan,40.712227,-73.97929,0.004521317155579807,1.2343195834732874,0.7217414719960511
pike st & monroe st,37713,Pike St & Monroe St,Manhattan,40.7118,-73.99194,0.004461924215318102,1.2181053107818418,0.7262033962113692
river ter & warren st,37666,River Ter & Warren St,Manhattan,40.717472,-74.01604,0.004456363521707942,1.2165872414262682,0.7306597597330772
market st & cherry st,37343,Market St & Cherry St,Manhattan,40.71077,-73.99403,0.004418148542216845,1.2061545520251988,0.7350779082752941
india st pier,37256,India St Pier,Brooklyn,40.73179,-73.96096,0.004407855343406549,1.2033445087499879,0.7394857636187007
n 11 st & kent ave,36673,N 11 St & Kent Ave,Brooklyn,40.72244,-73.9591,0.004338879080114569,1.1845139888712772,0.7438246426988152
motorgate,36168,Motorgate,Manhattan,40.764053,-73.94783,0.004279131201962854,1.168202818135859,0.7481037739007781
e 58 st & 1 ave (ne corner),35369,E 58 St & 1 Ave (NE Corner),Manhattan,40.758892,-73.96224,0.00418459941059014,1.142395639091108,0.7522883733113682
dock 72 way & market st,34824,Dock 72 Way & Market St,Brooklyn,40.699768,-73.97132,0.004120119027238288,1.1247924944360528,0.7564084923386065
riverside dr & w 78 st,33976,Riverside Dr & W 78 St,Manhattan,40.78412,-73.98366,0.004019789916995409,1.0974026473397465,0.7604282822556019
bridge st & water st,32698,Bridge St & Water St,Brooklyn,40.702602,-73.984665,0.003868586375851067,1.0561240806073413,0.764296868631453
kent ave & division ave,32157,Kent Ave & Division Ave,Brooklyn,40.70621,-73.96817,0.0038045792430192295,1.0386501333442497,0.7681014478744722
front st & washington st,32048,Front St & Washington St,Brooklyn,40.702454,-73.98924,0.0037916831663488593,1.0351295044132385,0.771893131040821
east end ave & e 86 st,31880,East End Ave & E 86 St,Manhattan,40.77511,-73.944534,0.0037718066445082887,1.029703213950763,0.7756649376853293
w 52 st & 11 ave,31863,W 52 St & 11 Ave,Manhattan,40.767326,-73.99404,0.0037697953297982307,1.029154125034917,0.7794347330151276
e 60 st & york ave,31852,E 60 St & York Ave,Manhattan,40.75903,-73.95918,0.0037684938908681934,1.0287988322070167,0.7832032269059958
stanton st & mangin st,31680,Stanton St & Mangin St,Manhattan,40.717854,-73.97628,0.0037481441185076092,1.0232433443525772,0.7869513710245034
wards meadow comfort station,31439,Wards Meadow Comfort Station,Manhattan,40.782986,-73.93071,0.0037196307746767904,1.0154592014867638,0.7906710017991802
n 15 st & wythe ave,31167,N 15 St & Wythe Ave,Brooklyn,40.72411,-73.95583,0.0036874497393158665,1.0066737788332316,0.794358451538496
dock st & front st,30887,Dock St & Front St,Brooklyn,40.702812,-73.99254,0.0036543222029149156,0.997629961395772,0.798012773741411
avenue d & e 10 st,30800,Avenue D & E 10 St,Manhattan,40.72512,-73.97516,0.00364402900410462,0.9948199181205613,0.8016568027455157
park cir & east dr,30298,Park Cir & East Dr,Brooklyn,40.65153,-73.972145,0.003584636063842915,0.9786056454291158,0.8052414388093586
soissons landing,30146,Soissons Landing,Manhattan,40.69247,-74.01482,0.0035666525440823985,0.9736961445344948,0.808808091353441
columbia heights & cranberry st,29802,Columbia Heights & Cranberry St,Brooklyn,40.7005,-73.99543,0.0035259529993612302,0.9625851688256158,0.8123340443528022
e 114 st & 1 ave,28971,E 114 St & 1 Ave,Manhattan,40.7945,-73.936066,0.0034276352038284073,0.9357444106451552,0.8157616795566306
astoria park s & shore blvd,28947,Astoria Park S & Shore Blvd,Queens,40.776638,-73.927505,0.003424795700708326,0.934969226293373,0.8191864752573389
madison st & clinton st,28221,Madison St & Clinton St,Manhattan,40.712635,-73.987724,0.00333890073132586,0.9115198996519597,0.8225253759886647
peck slip & south st,27578,Peck Slip & South St,Manhattan,40.707684,-74.00121,0.0032628257102336757,0.8907514188937935,0.8257882016988984
clinton ave & flushing ave,26954,Clinton Ave & Flushing Ave,Brooklyn,40.69802,-73.969864,0.003188998629111556,0.8705966257474548,0.82897720032801
w 120 st & claremont ave,26445,W 120 St & Claremont Ave,Manhattan,40.81104,-73.96347,0.0031287775004398273,0.8541562576200729,0.8321059778284499
vernon blvd & 47 rd,25354,Vernon Blvd & 47 Rd,Queens,40.744987,-73.9534,0.002999698421106121,0.818917668961971,0.835105676249556
45 rd & 11 st,24131,45 Rd & 11 St,Queens,40.74711,-73.94981,0.002855002074611967,0.779415566369067,0.837960678324168
e 106 st & 1 ave,23738,E 106 St & 1 Ave,Manhattan,40.789227,-73.939445,0.002808505211020632,0.7667219226086326,0.8407691835351886
pearl st & peck slip,23177,Pearl St & Peck Slip,Manhattan,40.708374,-74.00286,0.002742131825588727,0.7486019883857224,0.8435113153607773
columbia st & degraw st,23072,Columbia St & Degraw St,Brooklyn,40.685974,-74.00245,0.00272970899943837,0.745210556846675,0.8462410243602156
banker st & meserole ave,22898,Banker St & Meserole Ave,Brooklyn,40.726135,-73.95626,0.0027091226018177788,0.7395904702962536,0.8489501469620334
pleasant ave & e 120 st,22530,Pleasant Ave & E 120 St,Manhattan,40.797405,-73.931274,0.0026655835539765287,0.7277043102355923,0.8516157305160099
van brunt st & van dyke st,22400,Van Brunt St & Van Dyke St,Brooklyn,40.675953,-74.01464,0.0026502029120760873,0.7235053949967718,0.854265933428086
carlton ave & flushing ave,22216,Carlton Ave & Flushing Ave,Brooklyn,40.697712,-73.97372,0.0026284333881554625,0.7175623149664413,0.8568943668162414
center blvd & 48 ave,21797,Center Blvd & 48 Ave,Queens,40.745149,-73.95748,0.0025788603961840392,0.7040288881582427,0.8594732272124255
vernon blvd & 31 ave,21350,Vernon Blvd & 31 Ave,Queens,40.769222,-73.93553,0.0025259746505725206,0.6895910796062982,0.8619992018629979
2 ave & e 125 st,20367,2 Ave & E 125 St,Manhattan,40.80249,-73.93359,0.002409673335279182,0.6578408205312166,0.8644088751982771
vernon blvd & 10 st,20274,Vernon Blvd & 10 St,Queens,40.76715,-73.93751,0.0023986702606888658,0.6548369811680603,0.866807545458966
19 st & 24 ave,19937,19 St & 24 Ave,Queens,40.777702,-73.92228,0.002358798904377721,0.6439521008951179,0.8691663443633437
prospect park sw & 16 st,19732,Prospect Park SW & 16 St,Brooklyn,40.65731,-73.97419,0.002334544815227025,0.6373307345569778,0.8715008891785707
congress st & hicks st,19022,Congress St & Hicks St,Brooklyn,40.68935,-73.999415,0.0022505428479246132,0.6143981974834194,0.8737514320264953
prospect park sw & vanderbilt st,18712,Prospect Park SW & Vanderbilt St,Brooklyn,40.655178,-73.973335,0.00221386593262356,0.6043853996062319,0.8759652979591188
morton st & west st,18532,Morton St & West St,Manhattan,40.73144,-74.010864,0.0021925696592229485,0.5985715169678649,0.8781578676183418
pioneer st & van brunt st,18433,Pioneer St & Van Brunt St,Brooklyn,40.679123,-74.011284,0.0021808567088526126,0.5953738815167632,0.8803387243271944
avenue d & e 12 st,18275,Avenue D & E 12 St,Manhattan,40.7258,-73.97421,0.002162163313312076,0.5902705845341967,0.8825008876405065
river ave & e 151 st,17762,River Ave & E 151 St,Bronx,40.822086,-73.92899,0.002101468934120333,0.5737010190148509,0.8846023565746268
34th ave & vernon blvd,17567,34th Ave & Vernon Blvd,Queens,40.765316,-73.939896,0.0020783979712696707,0.5674026461566201,0.8866807545458965
prospect park sw & greenwood ave,17552,Prospect Park SW & Greenwood Ave,Brooklyn,40.652471500000004,-73.97254,0.00207662328181962,0.5669181559367562,0.888757377827716
columbia st & kane st,17311,Columbia St & Kane St,Brooklyn,40.687756,-74.001595,0.0020481099379888014,0.5591340130709428,0.8908054877657048
riverside dr & w 138 st,17287,Riverside Dr & W 138 St,Manhattan,40.823147,-73.95584,0.0020452704348687197,0.5583588287191604,0.8928507582005735
5 st & market st,17227,5 St & Market St,Brooklyn,40.69992,-73.97456,0.002038171677068516,0.5564208678397048,0.894888929877642
ditmars blvd & 19 st,17220,Ditmars Blvd & 19 St,Queens,40.78135,-73.91816,0.002037343488658492,0.5561947724037684,0.8969262733663005
5 av & w 139 st,16860,5 Av & W 139 St,Manhattan,40.815548,-73.93581,0.0019947509418572693,0.5445670071270345,0.8989210243081578
shore blvd & astoria park,16841,Shore Blvd & Astoria Park,Queens,40.779858,-73.92309,0.001992503001887205,0.543953319515207,0.900913527310045
48 ave & 5 st,16634,48 Ave & 5 St,Queens,40.74435,-73.95573,0.0019680122874765017,0.537267354481085,0.9028815395975215
w 181 st & riverside dr,16554,W 181 St & Riverside Dr,Manhattan,40.851604,-73.941795,0.0019585472770762297,0.5346834066418107,0.9048400868745977
icahn stadium,16195,Icahn Stadium,Manhattan,40.793488,-73.923904,0.0019160730429050104,0.5230879407130679,0.9067561599175027
devoe st & morgan ave,16099,Devoe St & Morgan Ave,Brooklyn,40.71376,-73.93525,0.0019047150304246844,0.5199872033059388,0.9086608749479274
stagg st & morgan ave,15796,Stagg St & Morgan Ave,Brooklyn,40.710648,-73.93382,0.001868866303533655,0.5102005008646878,0.910529741251461
e 132 st & madison ave,15530,E 132 St & Madison Ave,Manhattan,40.81016,-73.93716,0.0018373951439527515,0.5016088742991012,0.9123671363954138
adam clayton powell blvd & w 151 st,14885,Adam Clayton Powell Blvd & W 151 St,Manhattan,40.82521,-73.93629,0.0017610834976005607,0.4807757948449531,0.9141282198930143
e 138 st & 5 av,14709,E 138 St & 5 Av,Manhattan,40.814465,-73.93609,0.001740260474719963,0.4750911095985499,0.9158684803677343
31 ave & 14 st,14438,31 Ave & 14 St,Queens,40.76828,-73.932304,0.0017081977519890423,0.46633798629300854,0.9175766781197233
9 st & 44 rd,13956,9 St & 44 Rd,Queens,40.749725,-73.9521,0.001651171064327405,0.4507697005613816,0.9192278491840508
riverside dr & w 153 st,13914,Riverside Dr & W 153 St,Manhattan,40.831922,-73.94972,0.0016462019338672625,0.44941312794576266,0.920874051117918
8 st & astoria blvd,13734,8 St & Astoria Blvd,Queens,40.77253,-73.93269,0.001624905660466651,0.44359924530739575,0.9224989567783847
riverside dr & w 145 st,13642,Riverside Dr & W 145 St,Manhattan,40.827347,-73.95192,0.0016140208985063386,0.44062770529223044,0.924112977676891
picnic point,13572,Picnic Point,Manhattan,40.685223,-74.02529,0.0016057390144061008,0.43836675093286553,0.9257187166912971
27 ave & 9 st,13361,27 Ave & 9 St,Queens,40.77394,-73.93084,0.001580775049475384,0.4315515885067798,0.9272994917407725
broadway & 12 st,13227,Broadway & 12 St,Queens,40.766796,-73.93464,0.0015649211570549289,0.4272234758759956,0.9288644128978275
w 147 st & adam clayton powell blvd,13005,W 147 St & Adam Clayton Powell Blvd,Manhattan,40.822727,-73.93739,0.0015386557531941749,0.4200530206220097,0.9304030686510217
47 ave & 31 st,12871,47 Ave & 31 St,Queens,40.743,-73.93553,0.0015228018607737197,0.41572490799122547,0.9319258705117954
coffey st & ferris st,12849,Coffey St & Ferris St,Brooklyn,40.678272,-74.01726,0.001520198982913645,0.41501432233542507,0.9334460694947091
40 ave & 9 st,12713,40 Ave & 9 St,Queens,40.75747,-73.94524,0.001504108465233183,0.41062161100865896,0.9349501779599423
lenox ave & w 144 st,12398,Lenox Ave & W 144 St,Manhattan,40.819878,-73.93646,0.001466839986782113,0.40044731639151687,0.9364170179467244
w 133 st & 12 ave,12305,W 133 St & 12 Ave,Manhattan,40.820183,-73.959175,0.001455836912191797,0.3974434770283606,0.9378728548589161
lexington ave & e 127 st,12002,Lexington Ave & E 127 St,Manhattan,40.805775,-73.93631,0.0014199881853007679,0.3876567745871096,0.9392928430442169
commerce st & van brunt st,11830,Commerce St & Van Brunt St,Brooklyn,40.681236,-74.00875,0.0013996384129401837,0.38210128673267013,0.9406924814571571
w 225 st & exterior st,11820,W 225 St & Exterior St,Bronx,40.87325,-73.906586,0.0013984552866401496,0.38177829325276086,0.9420909367437973
coffey st & conover st,11638,Coffey St & Conover St,Brooklyn,40.67728,-74.015724,0.0013769223879795314,0.37589981191841204,0.9434678591317768
dyckman st & staff st,11488,Dyckman St & Staff St,Manhattan,40.868828,-73.93145,0.001359175493479022,0.371054909719773,0.9448270346252557
5 st & 51 ave,11134,5 St & 51 Ave,Queens,40.742283,-73.95682,0.0013172928224578194,0.3596209405309847,0.9461443274477136
21 st & 21 ave,10716,21 St & 21 Ave,Queens,40.78253,-73.91446,0.0012678381431163997,0.3461198130707771,0.94741216559083
riverside dr & w 148 st,9621,Riverside Dr & W 148 St,Manhattan,40.82923,-73.950386,0.0011382858132626802,0.3107520270207117,0.9485504514040927
lenox ave & w 146 st,9204,Lenox Ave & W 146 St,Manhattan,40.821083,-73.93605,0.0010889494465512637,0.29728319890849497,0.9496394008506439
harrison pl & porter ave,8949,Harrison Pl & Porter Ave,Brooklyn,40.706898,-73.92845,0.0010587797259003977,0.2890468651708086,0.9506981805765443
macombs pl & w 152 st,8681,Macombs Pl & W 152 St,Manhattan,40.82649,-73.93788,0.0010270719410594873,0.28039063990924007,0.9517252525176038
21 ave & shore blvd,8609,21 Ave & Shore Blvd,Queens,40.783936,-73.916824,0.0010185534316992427,0.27806508685389325,0.952743805949303
w 155 st & frederick douglass blvd,8587,W 155 St & Frederick Douglass Blvd,Manhattan,40.829163,-73.93687,0.001015950553839168,0.27735450119809285,0.9537597565031422
pinehurst ave & w 187 st,8574,Pinehurst Ave & W 187 St,Manhattan,40.85528,-73.937904,0.0010144124896491239,0.2769346096742108,0.9547741689927913
willis ave & bruckner blvd,8414,Willis Ave & Bruckner Blvd,Bronx,40.805645,-73.92522,0.0009954824688485804,0.27176671399566243,0.95576965146164
vernon blvd & 41 rd,7916,Vernon Blvd & 41 Rd,Queens,40.755396000000005,-73.94845,0.0009365627791068888,0.25568163869618066,0.9567062142407469
2 ave & 36 st,7788,2 Ave & 36 St,Brooklyn,40.657303,-74.00855,0.0009214187624664539,0.2515473221533419,0.9576276330032133
metropolitan ave & stewart ave,7782,Metropolitan Ave & Stewart Ave,Brooklyn,40.714046,-73.92789,0.0009207088866864336,0.25135352606539635,0.9585483418898997
bronx shore comfort station,7748,Bronx Shore Comfort Station,Manhattan,40.800556,-73.92402,0.0009166862572663181,0.2502553482337048,0.9594650281471659
lexington ave & e 128 st,7669,Lexington Ave & E 128 St,Manhattan,40.806538,-73.936,0.0009073395594960497,0.24770369974242157,0.960372367706662
dyckman st & henshaw st,7609,Dyckman St & Henshaw St,Manhattan,40.867485,-73.92951,0.000900240801695846,0.24576573886296593,0.9612726085083578
lincoln ave & e 134 st,7552,Lincoln Ave & E 134 St,Bronx,40.8086,-73.928734,0.0008934969817856523,0.24392467602748308,0.9621661054901435
home st & westchester ave,7409,Home St & Westchester Ave,Bronx,40.827717,-73.886725,0.0008765782756951666,0.23930586926478048,0.9630426837658387
dwight st & van dyke st,7347,Dwight St & Van Dyke St,Brooklyn,40.67358,-74.01202,0.000869242892634956,0.237303309689343,0.9639119266584736
alexander ave & e 134 st,7286,Alexander Ave & E 134 St,Bronx,40.807407,-73.92718,0.0008620258222047487,0.2353330494618964,0.9647739524806783
broadway & w 220 st,6951,Broadway & W 220 St,Manhattan,40.872482,-73.91271499999999,0.0008223910911536108,0.22451276788493577,0.9655963435718319
e 20 st & fdr drive,6832,E 20 St & FDR Drive,Manhattan,40.733143,-73.97574,0.0008083118881832066,0.2206691454740154,0.9664046554600151
kent ave & s 11 st,6689,Kent Ave & S 11 St,Brooklyn,40.70763,-73.968414,0.0007913931820927209,0.21605033871131282,0.9671960486421078
edgecombe ave & w 167 st,6566,Edgecombe Ave & W 167 St,Manhattan,40.838306,-73.93603,0.000776840728602303,0.21207751890842874,0.9679728893707101
27 ave & 3 st,6558,27 Ave & 3 St,Queens,40.774876,-73.93411,0.0007758942275622759,0.21181912412450132,0.9687487835982724
south st & broad st,6147,South St & Broad St,Manhattan,40.701935,-74.0108,0.0007272677366308799,0.1985440921002302,0.9694760513349033
e 138 st & park ave,6119,E 138 St & Park Ave,Bronx,40.81277,-73.9294,0.0007239549829907848,0.19763971035648423,0.9702000063178942
48 ave & 31 st,6116,48 Ave & 31 St,Queens,40.741272,-73.935936,0.0007236000451007746,0.19754281231251147,0.9709236063629949
henry st & bay st,6028,Henry St & Bay St,Brooklyn,40.6725675,-74.00494,0.0007131885336604756,0.19470046968930985,0.9716367948966553
e 150 st & gerard ave,6013,E 150 St & Gerard Ave,Bronx,40.82013,-73.92905,0.0007114138442104247,0.19421597946944594,0.9723482087408658
w 170 st & university ave,6009,W 170 St & University Ave,Bronx,40.842007,-73.92608,0.0007109405936904111,0.19408678207748226,0.9730591493345562
st. ann's av & bruckner blvd,5996,St. Ann's Av & Bruckner Blvd,Bronx,40.803368,-73.9199,0.000709402529500367,0.19366689055360017,0.9737685518640565
10 ave & w 207 st,5892,10 Ave & W 207 St,Manhattan,40.864708,-73.91861,0.0006970980159800137,0.19030775836254374,0.9744656498800366
bay st & court st,5856,Bay St & Court St,Brooklyn,40.671432,-74.00144,0.0006928387612998914,0.18914498183487036,0.9751584886413365
w 140 st & riverside dr,5632,W 140 St & Riverside Dr,Manhattan,40.82403,-73.95469,0.0006663367321791305,0.18190992788490262,0.9758248253735156
e 138 st & grand concourse,5617,E 138 St & Grand Concourse,Bronx,40.81327,-73.93068,0.0006645620427290795,0.1814254376650387,0.9764893874162447
58 st & pier 4,5533,58 St & Pier 4,Brooklyn,40.646492,-74.026115,0.0006546237818087943,0.17871229243380082,0.9771440111980535
30 ave & 12 st,5509,30 Ave & 12 St,Queens,40.771782,-73.93163,0.0006517842786887127,0.17793710808201857,0.9777957954767422
w 163 st & riverside dr,5500,W 163 St & Riverside Dr,Manhattan,40.839237,-73.94542,0.0006507194650186821,0.17764641395010022,0.9784465149417609
frederick douglass blvd & harlem river dr,5381,Frederick Douglass Blvd & Harlem River Dr,Manhattan,40.830782,-73.93633,0.000636640262048278,0.17380279153917988,0.9790831552038092
amsterdam ave & w 175 st,5379,Amsterdam Ave & W 175 St,Manhattan,40.844003,-73.9337,0.0006364036367882711,0.17373819284319802,0.9797195588405975
boone ave & e 172 st,5245,Boone Ave & E 172 St,Bronx,40.83272,-73.885254,0.0006205497443678159,0.16941008021241374,0.9803401085849653
w mosholu pkwy s & sedgwick ave,5142,W Mosholu Pkwy S & Sedgwick Ave,Bronx,40.882206,-73.88698,0.0006083635434774662,0.16608324736934826,0.9809484721284428
e 153 st & e 157 st,5140,E 153 St & E 157 St,Bronx,40.826576,-73.92926,0.0006081269182174593,0.16601864867336638,0.9815565990466603
gerard ave & e 146 st,5107,Gerard Ave & E 146 St,Bronx,40.817905,-73.929596,0.0006042226014273472,0.16495277018966578,0.9821608216480876
amsterdam ave & w 186 st,4893,Amsterdam Ave & W 186 St,Manhattan,40.851063,-73.92885,0.0005789036986066203,0.15804070971960735,0.9827397253466942
e 174 st & longfellow ave,4849,E 174 St & Longfellow Ave,Bronx,40.836304,-73.88441,0.0005736979428864709,0.15661953840800655,0.9833134232895806
jerome ave & ogden ave,4783,Jerome Ave & Ogden Ave,Bronx,40.82985,-73.93094,0.0005658893093062467,0.15448778144060535,0.9838793125988868
amsterdam ave & w 183 st,4649,Amsterdam Ave & W 183 St,Manhattan,40.849197,-73.93025,0.0005500354168857916,0.1501596688098211,0.9844293480157726
metropolitan ave & vandervoort ave,4595,Metropolitan Ave & Vandervoort Ave,Brooklyn,40.71431,-73.93317,0.0005436465348656081,0.14841550401831102,0.9849729945506382
goulden ave & w 197 st,4378,Goulden Ave & W 197 St,Bronx,40.8716,-73.89714,0.000517972694154871,0.14140654550427978,0.9854909672447931
popham ave & w 174 st,4229,Popham Ave & W 174 St,Bronx,40.847652,-73.922134,0.0005003441122843649,0.13659394265363162,0.9859913113570775
47 ave & skillman ave,4196,47 Ave & Skillman Ave,Queens,40.74368,-73.94182,0.0004964397954942528,0.13552806416993102,0.9864877511525718
w 218 st & broadway,4091,W 218 St & Broadway,Manhattan,40.871452,-73.91451,0.00048401696934389615,0.13213663263088365,0.9869717681219157
amsterdam ave & w 180 st,3991,Amsterdam Ave & W 180 St,Manhattan,40.84749,-73.931175,0.0004721857063435565,0.12890669783179093,0.9874439538282592
goulden ave & w 205 st,3972,Goulden Ave & W 205 St,Bronx,40.878277,-73.89183,0.0004699377663734919,0.12829301021996328,0.9879138915946327
20 ave & shore blvd,3809,20 Ave & Shore Blvd,Queens,40.785934,-73.91505,0.0004506528076829382,0.12302821649744214,0.9883645444023157
w 163 st & edgecombe ave,3705,W 163 St & Edgecombe Ave,Manhattan,40.835827,-73.93756,0.000438348294162585,0.1196690843063857,0.9888028926964783
whitehall st & bridge st,3686,Whitehall St & Bridge St,Manhattan,40.703785,-74.013084,0.00043610035419252045,0.11905539669455809,0.9892389930506708
sedgwick ave & w tremont ave,3623,Sedgwick Ave & W Tremont Ave,Bronx,40.853115,-73.918304,0.0004286466585023064,0.11702053777112965,0.989667639709173
van dam st & greenpoint ave,3615,Van Dam St & Greenpoint Ave,Queens,40.734511,-73.93781,0.00042770015746227926,0.11676214298720224,0.9900953398666353
2 ave & 32 st,3588,2 Ave & 32 St,Brooklyn,40.65913,-74.00665,0.00042450571645218755,0.1158900605914472,0.9905198455830875
longfellow ave & e 165 st,3552,Longfellow Ave & E 165 St,Bronx,40.825397,-73.88774,0.0004202464617720653,0.11472728406377382,0.9909400920448596
dyckman st & 10 ave,3547,Dyckman St & 10 Ave,Manhattan,40.858902,-73.92307,0.0004196548986220483,0.11456578732381918,0.9913597469434816
academy st & nagle ave,3505,Academy St & Nagle Ave,Manhattan,40.8626,-73.92268,0.00041468576816190564,0.11320921470820024,0.9917744327116436
57 st & 1 ave,3428,57 St & 1 Ave,Brooklyn,40.64637,-74.023035,0.00040557569565164407,0.11072216491289884,0.9921800084072953
w 218 st & indian rd,3410,W 218 St & Indian Rd,Manhattan,40.873013,-73.91817,0.0004034460683115829,0.11014077664906213,0.9925834544756068
21 ave & 80 st,3380,21 Ave & 80 St,Queens,40.770897,-73.889854,0.00039989668941148104,0.10917179620933433,0.9929833511650182
railroad ave & kay ave,3311,Railroad Ave & Kay Ave,Brooklyn,40.7053925,-73.97092,0.0003917331179412467,0.10694314119796035,0.9933750842829595
amsterdam ave & w 189 st,3173,Amsterdam Ave & W 189 St,Manhattan,40.853264,-73.92709,0.0003754059750007779,0.10248583117521237,0.9937504902579603
w tremont ave & matthewson rd,3087,W Tremont Ave & Matthewson Rd,Bronx,40.853762,-73.92086,0.0003652310888204858,0.09970808724799261,0.9941157213467807
walnut ave & e 136 st,3011,Walnut Ave & E 136 St,Bronx,40.801796,-73.90942,0.00035623932894022765,0.09725333680068216,0.994471960675721
goulden ave & bedford park blvd w,2869,Goulden Ave & Bedford Park Blvd W,Bronx,40.87397,-73.89529,0.0003394389354797453,0.09266682938597046,0.9948113996112007
42 st & 1 ave,2851,42 St & 1 Ave,Brooklyn,40.654785,-74.01431,0.00033730930813968417,0.09208544112213378,0.9951487089193404
23 st & 3 ave,2650,23 St & 3 Ave,Brooklyn,40.662563,-73.99855,0.0003135284695090014,0.08559327217595737,0.9954622373888494
cedar ave & w fordham rd,2602,Cedar Ave & W Fordham Rd,Bronx,40.861523,-73.91223,0.00030784946326883834,0.08404290347239286,0.9957700868521182
fulton st & pearl st,2538,Fulton St & Pearl St,Manhattan,40.70772,-74.00439,0.000300277454948621,0.08197574520097353,0.9960703643070669
e 128 st & 3 ave,2530,E 128 St & 3 Ave,Manhattan,40.80561,-73.93403,0.00029933095390859377,0.0817173504170461,0.9963696952609754
main st & plymouth st,2529,Main St & Plymouth St,Brooklyn,40.703606,-73.99066,0.0002992126412785904,0.08168505106905517,0.996668907902254
10 ave & w 204 st,2280,10 Ave & W 204 St,Manhattan,40.86272,-73.92003,0.0002697527964077446,0.07364251341931427,0.9969386606986618
borden ave & review ave,2276,Borden Ave & Review Ave,Queens,40.7386225,-73.94114,0.000269279545887731,0.07351331602735056,0.9972079402445495
e 138 st & canal st w,2251,E 138 St & Canal St W,Bronx,40.81239,-73.929214,0.0002663217301376461,0.0727058323275774,0.9974742619746871
30 st & 48 ave,2230,30 St & 48 Ave,Queens,40.74128,-73.93806,0.00026383716490757474,0.07202754601976791,0.9977380991395947
52 st & 1 ave,2184,52 St & 1 Ave,Brooklyn,40.649258,-74.02005,0.00025839478392741854,0.07054177601218527,0.9979964939235221
bailey ave & w 193 st,1894,Bailey Ave & W 193 St,Bronx,40.87063,-73.90683,0.00022408412122643345,0.06117496509481633,0.9982205780447485
10 ave & w 202 st,1824,10 Ave & W 202 St,Manhattan,40.86121850000001,-73.92153,0.00021580223712619568,0.05891401073545142,0.9984363802818748
bailey ave & sedgwick ave,1733,Bailey Ave & Sedgwick Ave,Bronx,40.865646,-73.90863,0.00020503578779588658,0.05597477006827704,0.9986414160696706
e 134 st & walnut ave,1227,E 134 St & Walnut Ave,Bronx,40.80051,-73.91105,0.00014516959701416782,0.039631299984867814,0.9987865856666848
vernon blvd & 30 rd,1159,Vernon Blvd & 30 Rd,Queens,40.770844,-73.93417,0.00013712433817393685,0.03743494432148476,0.9989237100048587
pier 40 dock station,1139,Pier 40 Dock Station,Manhattan,40.72866,-74.01198,0.0001347580855738689,0.036788957361666215,0.9990584680904325
west farms rd & boone ave,1073,West Farms Rd & Boone Ave,Bronx,40.83032,-73.886154,0.00012694945199364472,0.03465720039426501,0.9991854175424262
sedgwick ave & hall of fame tce,775,Sedgwick Ave & Hall of Fame Tce,Bronx,40.859486,-73.91338,9.169228825263249e-05,0.02503199469296867,0.9992771098306789
9 ave & w 206 st,760,9 Ave & W 206 St,Manhattan,40.863226,-73.917505,8.991759880258153e-05,0.024547504473104758,0.9993670274294815
57 st & 1 ave - brooklyn army terminal vaccination site,757,57 St & 1 Ave - Brooklyn Army Terminal Vaccination Site,Brooklyn,40.646343,-74.023,8.956266091257134e-05,0.024450606429131976,0.999456590090394
vernon blvd & queens plaza s,756,Vernon Blvd & Queens Plaza S,Queens,40.75398,-73.94948,8.944434828256795e-05,0.024418307081141052,0.9995460344386766
9 ave & w 219 st,562,9 Ave & W 219 St,Manhattan,40.871161,-73.911476,6.649169806190897e-05,0.01815223357090115,0.9996125261367386
e 85 st & east end ave,538,E 85 St & East End Ave,Manhattan,40.7744725,-73.945562,6.365219494182746e-05,0.017377049219118895,0.9996761783316804
20 ave & 33 st,532,20 Ave & 33 St,Queens,40.7794,-73.90571,6.294231916180707e-05,0.01718325313117333,0.9997391206508423
morgan loading docks,503,Morgan Loading Docks,Brooklyn,40.709656,-73.931496,5.951125289170857e-05,0.01624657203943644,0.999798631903734
keegan rd & 2 ave,458,Keegan Rd & 2 Ave,Brooklyn,40.642525,-74.02561,5.418718454155572e-05,0.01479310137984471,0.9998528190882755
9 ave & w 204 st,393,9 Ave & W 204 St,Manhattan,40.86167,-73.91863,4.649686359133493e-05,0.012693643760434435,0.9998993159518669
morgan wh station,296,Morgan WH station,Brooklyn,40.70962,-73.9314325,3.502053848100544e-05,0.009560607005314485,0.9999343364903479
broad st & water st,266,Broad St & Water St,Manhattan,40.702938,-74.011495,3.1471159580903536e-05,0.008591626565586666,0.9999658076499288
van dam st & review ave,109,Van Dam St & Review Ave,Queens,40.734516,-73.9378025,1.2896076670370246e-05,0.0035206289310110773,0.9999787037265991
amsterdam ave & w 189 st new,102,Amsterdam Ave & W 189 St new,Manhattan,40.8532425,-73.92711,1.206788826034647e-05,0.0032945334950745865,0.9999907716148595
morgan bike mechanics,48,Morgan Bike Mechanics,Brooklyn,40.70953,-73.931366,5.6790062401630445e-06,0.0015503687035645112,0.9999964506210997
pier 40 x2,29,Pier 40 X2,Manhattan,40.728485,-74.011696,3.431066270098506e-06,0.0009366810917368921,0.9999998816873698
sedgwick ave & w tremont ave - new,1,Sedgwick Ave & W Tremont Ave - new,Bronx,40.853046,-73.918304,1.1831263000339675e-07,3.229934799092731e-05,0.9999999999999998
